model,oof_accuracy,oof_precision,oof_recall,oof_f1,oof_roc_auc,oof_pr_auc,oof_brier,oof_ece
LogisticRegression,0.9,1.0,0.6666666666666666,0.8,0.9523809523809524,0.9166666666666665,0.08295807541691248,0.07641347882208496
RandomForest,1.0,1.0,1.0,1.0,1.0,1.0,0.05325555555555554,0.17466666666666666
